
INSERT INTO `casier` (`IdCasier`, `DureeResaCasiers`, `TarifCasiers`) VALUES
(1, 12, '70.000000'),
(2, 12, '70.000000'),
(3, 12, '70.000000'),
(4, 12, '70.000000'),
(5, 12, '70.000000'),
(6, 12, '70.000000'),
(7, 12, '70.000000'),
(8, 12, '70.000000'),
(9, 12, '70.000000'),
(10, 12, '70.000000'),
(11, 12, '70.000000'),
(12, 12, '70.000000'),
(13, 12, '70.000000'),
(14, 12, '70.000000'),
(15, 12, '70.000000'),
(16, 12, '70.000000'),
(17, 12, '70.000000'),
(18, 12, '70.000000'),
(19, 12, '70.000000'),
(20, 12, '70.000000'),
(21, 12, '70.000000'),
(22, 12, '70.000000'),
(23, 12, '70.000000'),
(24, 12, '70.000000'),
(25, 12, '70.000000'),
(26, 12, '70.000000'),
(27, 12, '70.000000'),
(28, 12, '70.000000'),
(29, 12, '70.000000'),
(30, 12, '70.000000'),
(31, 12, '70.000000'),
(32, 12, '70.000000'),
(33, 12, '70.000000'),
(34, 12, '70.000000'),
(35, 12, '70.000000'),
(36, 12, '70.000000'),
(37, 12, '70.000000'),
(38, 12, '70.000000'),
(39, 12, '70.000000'),
(40, 12, '70.000000'),
(41, 12, '70.000000'),
(42, 12, '70.000000'),
(43, 12, '70.000000'),
(44, 12, '70.000000'),
(45, 12, '70.000000'),
(46, 12, '70.000000'),
(47, 12, '70.000000'),
(48, 12, '70.000000'),
(49, 12, '70.000000'),
(50, 12, '70.000000'),
(51, 12, '70.000000'),
(52, 12, '70.000000'),
(53, 12, '70.000000'),
(54, 12, '70.000000'),
(55, 12, '70.000000'),
(56, 12, '70.000000'),
(57, 12, '70.000000'),
(58, 12, '70.000000'),
(59, 12, '70.000000'),
(60, 12, '70.000000'),
(61, 12, '70.000000'),
(62, 12, '70.000000'),
(63, 12, '70.000000'),
(64, 12, '70.000000'),
(65, 12, '70.000000'),
(66, 12, '70.000000'),
(67, 12, '70.000000'),
(68, 12, '70.000000'),
(69, 12, '70.000000'),
(70, 12, '70.000000'),
(80, 1, '7.000000'),
(81, 1, '7.000000'),
(82, 1, '7.000000'),
(83, 1, '7.000000'),
(84, 1, '7.000000'),
(85, 1, '7.000000'),
(86, 1, '7.000000'),
(87, 1, '7.000000'),
(88, 1, '7.000000'),
(89, 1, '7.000000'),
(90, 1, '7.000000'),
(91, 1, '7.000000'),
(92, 1, '7.000000'),
(93, 1, '7.000000'),
(94, 1, '7.000000'),
(95, 1, '7.000000'),
(96, 1, '7.000000'),
(97, 1, '7.000000'),
(98, 1, '7.000000'),
(99, 1, '7.000000'),
(100, 1, '7.000000'),
(101, 1, '7.000000'),
(102, 1, '7.000000'),
(103, 1, '7.000000'),
(104, 1, '7.000000'),
(105, 1, '7.000000'),
(106, 1, '7.000000'),
(107, 1, '7.000000'),
(108, 1, '7.000000'),
(109, 1, '7.000000'),
(110, NULL, '7.000000');

INSERT INTO `typesalle` (`NumTypeSalle`, `NomTypesalle`) VALUES
(1, 'Gym'),
(2, 'Squash'),
(3, 'muscu');

INSERT INTO `salle` (`NumSalle`, `NomSalle`, `NumTypeSalle`) VALUES
(1, 'Salle de Gym n°1', 1),
(2, 'Salle de Gym n°2', 1),
(3, 'Salle de Gym n°3', 1),
(4, 'Salle de Gym n°4', 1),
(5, 'Salle de Gym n°5', 1),
(6, 'Salle de Gym n°6', 1),
(7, 'Salle de Gym n°7', 1),
(8, 'Salle de Gym n°8', 1),
(9, 'Salle de Gym n°9', 1),
(10, 'Salle de Gym n°10', 1),
(11, 'Terrain Squash n°1', 2),
(12, 'Terrain Squash n°2', 2),
(13, 'Terrain Squash n°3', 2),
(14, 'Terrain Squash n°4', 2),
(15, 'Terrain Squash n°5', 2),
(16, 'Terrain Squash n°6', 2),
(17, 'Salle de Musculation', 3);

INSERT INTO `typecours` (`NumTypeCours`, `NomTypeCours`, `DureeCours`, `NbMaxDisponibilite`) VALUES
(1, 'Cours de Squash particulier', '01:00:00', 1),
(2, 'Cours de Squash collectif', '02:00:00', 6),
(3, 'Cours de Gymnastique collectif', '01:00:00', 10),
(4, 'Terrain Squash', '01:00:00', 2);

INSERT INTO `typesalletypecours` (`NumTypeCours`, `NumTypeSalle`) VALUES
(3, 1),
(1, 2),
(2, 2),
(4, 2);


INSERT INTO `client` (`NumClient`, `NomClient`, `PrenomClient`, `AdresseClient`, `TelClient`, `MailClient`, `Login`, `Password`, `created_at`) VALUES
(1, 'Bezon', 'Jérémy', '896 rue François Dezeuze34070 Montpellier', '0651631667', 'ageha30@gmail.com', 'ageha30', '123456', '2021-04-07 15:28:45'),
(2, 'Huguet', 'Eric', '245 rue gambetta 30000 Nimes', '0651631665', 'eric.huguet@gmail.com', 'eric34', '123456', '2021-04-07 15:28:45'),
(3, 'Nignan', 'Yvette', '865 rue gambetta 34070 Montpellier', '0651631670', 'yvette.nignan@gmail.com', 'yvette34', '123456', '2021-04-07 15:28:45'),
(4, 'Valadier', 'Mickael', '245 rue des attoles 34400 Lattes', '0651631690', 'mickael.valadier@gmail.com', 'mickael34', '123456', '2021-04-07 15:28:45'),
(5, 'Martin', 'Olivier', '255 chemin de la garde', '0789562347', 'martin.olivier@gmail.com', 'olivier30', '123456', '2021-04-09 15:56:00'),
(6, 'valadier', 'Karine', '25 chemin des platanes', '0601020304', 'karine.valadier@hotmail.com', 'karine30', '123456', '2021-04-09 16:06:20'),
(7, 'dupont', 'loic', '10 route perdu', '0605040708', 'dupont.loic@wahoo.fr', 'loic30', '123456', '2021-04-09 16:08:19');

INSERT INTO `fonction` (`IdFonction`, `LibelleFonction`, `isProf`) VALUES
(1, 'Administrateur', 0),
(2, 'Employé', 0),
(3, 'Profgym', 1),
(4, 'ProfSquach', 1);

INSERT INTO `personnel` (`NumPerso`, `NomPerso`, `PrenomPerso`, `AdressePerso`, `TelPerso`, `MailPerso`, `Password`, `created_at`, `IdFonction`) VALUES
(1, 'Bezon', 'Jérémy', '896 rue François Dezeuze34070 Montpellier', '0651631667', 'ageha30@gmail.com', '123456', '2021-04-07 15:28:45', 1),
(2, 'Huguet', 'Eric', '245 rue gambetta 30000 Nimes', '0651631665', 'eric.huguet@gmail.com', '123456', '2021-04-07 15:28:45', 1),
(3, 'Nignan', 'Yvette', '865 rue gambetta 34070 Montpellier', '0651631670', 'yvette.nignan@gmail.com', '123456', '2021-04-07 15:28:45', 1),
(4, 'Valadier', 'Mickael', '245 rue des attoles 34400 Lattes', '0651631690', 'mickael.valadier@gmail.com', '123456', '2021-04-07 15:28:45', 1),
(5, 'Germain', 'Patrick', '29 ave de Latour', '0605040302', 'patrick.germain@gmail.com', '123456', '2021-04-08 17:57:18', 3),
(6, 'Blondel', 'marc', '85 route du canal', '0706080908', 'blondel.marc@hotmail.com', '123456', '2021-04-09 11:04:15', 4),
(9, 'Copain', 'marc', '49 ave de Latour', '06010203204', 'copain.marc@gmail.com', '123456', '2021-04-20 15:19:57', 3),
(10, 'Beaumel', 'Miguel', '30 avenue de la mer', '0684513942', 'miguel.beaumel34@gmail.com', '123456', '2021-05-03 11:21:41', 4),
(11, 'Dahl', 'Fanny', '12 avenue des platanes', '0626573131', 'fanny.dahl06@gmail.com', '123456', '2021-05-03 11:27:17', 4),
(12, 'sans Prof', '', '', NULL, NULL, NULL, '2021-05-03 11:43:14', 4);

INSERT INTO `formule` (`IdFormule`, `NomFormule`, `TarifFormule`) VALUES
(1, 'Formule Salle de Musculation', 400),
(2, 'Formule Cours de Gymnastique', 300),
(3, 'Formule Terrain de Squash', 50),
(4, 'Formule Cours Particulier Squash', 150),
(5, 'Formule Cours Groupe Squash', 110);

INSERT INTO `formuletypecours` (`IdFormule`, `IdTypeCours`) VALUES
(2, 3),
(3, 4),
(4, 1),
(4, 4),
(5, 2),
(5, 4);

INSERT INTO `planification` (`IdPlanification`, `DatePlanification`, `NumSalle`, `NumTypeCours`, `NumPerso`) VALUES
(15, '2021-05-10 09:00:00', 11, 2, 6),
(16, '2021-05-10 09:00:00', 12, 2, 11),
(18, '2021-05-10 09:00:00', 13, 2, 10),
(19, '2021-05-10 11:00:00', 14, 1, 11),
(20, '2021-05-17 09:00:00', 11, 2, 6),
(21, '2021-05-17 09:00:00', 12, 2, 11),
(22, '2021-05-17 09:00:00', 13, 2, 10),
(23, '2021-05-17 11:00:00', 14, 4, 12),
(24, '2021-05-24 09:00:00', 11, 2, 6),
(25, '2021-05-24 09:00:00', 12, 2, 11),
(27, '2021-05-24 09:00:00', 13, 2, 10),
(28, '2021-05-31 09:00:00', 11, 2, 6),
(29, '2021-05-31 09:00:00', 12, 2, 11),
(30, '2021-05-31 09:00:00', 13, 2, 10),
(31, '2021-06-07 09:00:00', 11, 2, 6),
(32, '2021-06-07 09:00:00', 12, 2, 11),
(33, '2021-06-07 09:00:00', 13, 2, 10),
(34, '2021-06-14 09:00:00', 11, 2, 6),
(36, '2021-06-14 09:00:00', 12, 2, 11),
(37, '2021-06-14 09:00:00', 13, 2, 10),
(38, '2021-06-21 09:00:00', 11, 2, 6),
(39, '2021-06-21 09:00:00', 12, 2, 11),
(40, '2021-06-21 09:00:00', 13, 2, 10),
(41, '2021-06-28 09:00:00', 11, 2, 6),
(42, '2021-06-28 09:00:00', 12, 2, 11),
(43, '2021-06-28 09:00:00', 13, 2, 10),
(44, '2021-07-05 09:00:00', 11, 2, 6),
(45, '2021-07-05 09:00:00', 12, 2, 11),
(46, '2021-07-05 09:00:00', 13, 2, 10),
(47, '2021-05-12 10:00:00', 4, 3, 9),
(48, '2021-05-14 18:00:00', 2, 3, 5),
(49, '2021-05-11 18:00:00', 1, 3, 5),
(50, '2021-05-18 18:00:00', 1, 3, 5),
(51, '2021-05-19 16:00:00', 4, 3, 9),
(52, '2021-05-21 18:00:00', 2, 3, 5),
(53, '2021-05-25 18:00:00', 1, 3, 5),
(54, '2021-05-26 16:00:00', 4, 3, 9),
(55, '2021-05-28 18:00:00', 2, 3, 5),
(56, '2021-06-02 16:00:00', 4, 3, 9),
(57, '2021-06-04 18:00:00', 2, 3, 5),
(58, '2021-06-08 18:00:00', 1, 3, 5),
(59, '2021-06-09 16:00:00', 4, 3, 9),
(60, '2021-06-11 18:00:00', 2, 3, 5),
(61, '2021-06-15 18:00:00', 1, 3, 5),
(62, '2021-06-16 16:00:00', 4, 3, 9),
(63, '2021-06-18 18:00:00', 2, 3, 5),
(64, '2021-06-22 18:00:00', 1, 3, 5),
(65, '2021-06-23 16:00:00', 4, 3, 9),
(66, '2021-06-25 18:00:00', 2, 3, 5),
(67, '2021-06-29 18:00:00', 1, 3, 5),
(68, '2021-06-30 16:00:00', 4, 3, 9),
(69, '2021-07-02 18:00:00', 2, 3, 5),
(70, '2021-07-06 18:00:00', 1, 3, 5),
(71, '2021-07-09 18:00:00', 2, 3, 5),
(72, '2021-07-07 16:00:00', 4, 3, 9),
(73, '2021-07-13 18:00:00', 1, 3, 5),
(74, '2021-07-14 16:00:00', 4, 3, 9),
(75, '2021-07-16 18:00:00', 2, 3, 5),
(76, '2021-07-20 18:00:00', 1, 3, 5),
(77, '2021-07-21 16:00:00', 4, 3, 9),
(78, '2021-07-23 18:00:00', 2, 3, 5),
(79, '2021-05-12 20:00:00', 16, 1, 11),
(80, '2021-05-14 16:00:00', 16, 4, 12),
(81, '2021-05-10 10:00:00', 15, 4, 12),
(82, '2021-05-10 11:00:00', 15, 4, 12),
(83, '2021-05-10 10:00:00', 16, 4, 12),
(84, '2021-05-10 11:00:00', 16, 4, 12),
(85, '2021-05-10 14:00:00', 15, 4, 12),
(86, '2021-05-10 15:00:00', 15, 4, 12),
(87, '2021-05-10 16:00:00', 15, 4, 12),
(88, '2021-05-10 14:00:00', 16, 4, 12),
(89, '2021-05-10 15:00:00', 16, 4, 12),
(90, '2021-05-10 16:00:00', 16, 4, 12),
(91, '2021-05-10 17:00:00', 15, 4, 12),
(92, '2021-05-10 17:00:00', 16, 4, 12),
(93, '2021-05-11 09:00:00', 15, 4, 12),
(94, '2021-05-11 10:00:00', 15, 4, 12),
(95, '2021-05-11 11:00:00', 15, 4, 12),
(96, '2021-05-11 09:00:00', 16, 4, 12),
(97, '2021-05-11 10:00:00', 16, 4, 12),
(100, '2021-05-11 11:00:00', 16, 4, 12),
(101, '2021-05-11 14:00:00', 15, 4, 12),
(102, '2021-05-11 15:00:00', 15, 4, 12),
(103, '2021-05-11 16:00:00', 15, 4, 12),
(104, '2021-05-11 17:00:00', 15, 4, 12),
(105, '2021-05-11 14:00:00', 16, 4, 12),
(106, '2021-05-11 15:00:00', 16, 4, 12),
(107, '2021-05-11 16:00:00', 16, 4, 12),
(108, '2021-05-11 17:00:00', 16, 4, 12),
(109, '2021-05-12 09:00:00', 15, 4, 12),
(110, '2021-05-12 09:00:00', 16, 4, 12),
(111, '2021-05-13 09:00:00', 15, 4, 12),
(113, '2021-05-13 09:00:00', 16, 4, 12),
(114, '2021-05-14 09:00:00', 15, 4, 12),
(115, '2021-05-14 09:00:00', 16, 4, 12),
(116, '2021-05-18 09:00:00', 15, 4, 12),
(117, '2021-05-18 09:00:00', 16, 4, 12),
(118, '2021-05-19 09:00:00', 15, 4, 12),
(119, '2021-05-19 09:00:00', 16, 4, 12),
(120, '2021-05-20 09:00:00', 15, 4, 12),
(121, '2021-05-20 09:00:00', 16, 4, 12),
(122, '2021-05-21 09:00:00', 15, 4, 12),
(123, '2021-05-21 09:00:00', 16, 4, 12),
(124, '2021-05-25 09:00:00', 15, 4, 12),
(125, '2021-05-25 09:00:00', 16, 4, 12),
(126, '2021-05-26 09:00:00', 15, 4, 12),
(127, '2021-05-26 09:00:00', 16, 4, 12),
(128, '2021-05-27 09:00:00', 15, 4, 12),
(129, '2021-05-27 09:00:00', 16, 4, 12),
(130, '2021-05-28 09:00:00', 16, 4, 12),
(131, '2021-05-28 09:00:00', 15, 4, 12),
(132, '2021-06-02 09:00:00', 15, 4, 12),
(133, '2021-06-02 09:00:00', 16, 4, 12),
(134, '2021-06-03 09:00:00', 15, 4, 12),
(135, '2021-06-03 09:00:00', 16, 4, 12),
(136, '2021-06-04 09:00:00', 15, 4, 12),
(137, '2021-06-04 09:00:00', 16, 4, 12),
(138, '2021-06-08 09:00:00', 15, 4, 12),
(139, '2021-06-08 09:00:00', 16, 4, 12),
(140, '2021-06-09 09:00:00', 15, 4, 12),
(141, '2021-06-09 09:00:00', 16, 4, 12),
(142, '2021-06-10 09:00:00', 15, 4, 12),
(143, '2021-06-10 09:00:00', 16, 4, 12),
(144, '2021-06-11 09:00:00', 15, 4, 12),
(145, '2021-06-11 09:00:00', 16, 4, 12),
(146, '2021-06-15 09:00:00', 15, 4, 12),
(147, '2021-06-15 09:00:00', 16, 4, 12),
(148, '2021-06-16 09:00:00', 15, 4, 12),
(149, '2021-06-16 09:00:00', 16, 4, 12),
(150, '2021-06-17 09:00:00', 15, 4, 12),
(151, '2021-06-17 09:00:00', 16, 4, 12),
(152, '2021-06-18 09:00:00', 15, 4, 12),
(153, '2021-06-18 09:00:00', 16, 4, 12),
(154, '2021-06-22 09:00:00', 15, 4, 12),
(155, '2021-06-22 09:00:00', 16, 4, 12),
(156, '2021-06-23 09:00:00', 15, 4, 12),
(157, '2021-06-23 09:00:00', 16, 4, 12),
(158, '2021-06-24 09:00:00', 15, 4, 12),
(159, '2021-06-24 09:00:00', 16, 4, 12),
(160, '2021-06-25 09:00:00', 15, 4, 12),
(161, '2021-06-25 09:00:00', 16, 4, 12),
(162, '2021-06-29 09:00:00', 15, 4, 12),
(163, '2021-06-29 09:00:00', 16, 4, 12),
(164, '2021-05-12 10:00:00', 15, 4, 12),
(165, '2021-05-12 10:00:00', 16, 4, 12),
(166, '2021-05-12 11:00:00', 15, 4, 12),
(167, '2021-05-12 11:00:00', 16, 4, 12),
(168, '2021-05-12 14:00:00', 15, 4, 12),
(169, '2021-05-12 14:00:00', 6, 4, 9),
(170, '2021-05-12 15:00:00', 15, 4, 12),
(171, '2021-05-12 15:00:00', 16, 4, 12),
(172, '2021-05-12 16:00:00', 15, 4, 12),
(173, '2021-05-12 16:00:00', 16, 4, 12),
(174, '2021-05-12 17:00:00', 15, 4, 12),
(175, '2021-05-17 17:00:00', 16, 4, 12),
(176, '2021-05-12 17:00:00', 16, 4, 12),
(177, '2021-05-13 10:00:00', 15, 4, 12),
(178, '2021-05-13 10:00:00', 16, 4, 12),
(179, '2021-05-13 11:00:00', 15, 4, 12),
(180, '2021-05-13 11:00:00', 16, 4, 12),
(181, '2021-05-13 14:00:00', 15, 4, 12),
(182, '2021-05-14 14:00:00', 16, 4, 12),
(183, '2021-05-13 15:00:00', 15, 4, 12),
(184, '2021-05-13 15:00:00', 16, 4, 12),
(185, '2021-05-13 16:00:00', 15, 4, 12),
(186, '2021-05-13 16:00:00', 16, 4, 12),
(187, '2021-05-13 17:00:00', 15, 4, 12),
(188, '2021-05-13 17:00:00', 16, 4, 12),
(189, '2021-05-14 10:00:00', 15, 4, 12),
(190, '2021-05-14 10:00:00', 16, 4, 12),
(191, '2021-05-14 11:00:00', 15, 4, 12),
(192, '2021-05-14 11:00:00', 16, 4, 12),
(193, '2021-05-14 14:00:00', 15, 4, 12),
(194, '2021-05-14 15:00:00', 15, 4, 12),
(195, '2021-05-14 15:00:00', 16, 4, 12),
(196, '2021-05-14 16:00:00', 15, 4, 12),
(197, '2021-05-14 17:00:00', 15, 4, 12),
(198, '2021-05-14 17:00:00', 16, 4, 12),
(199, '2021-05-17 09:00:00', 15, 4, 12),
(200, '2021-05-17 09:00:00', 16, 4, 12),
(201, '2021-05-17 10:00:00', 15, 4, 12),
(202, '2021-05-17 10:00:00', 16, 4, 12),
(203, '2021-05-17 11:00:00', 15, 4, 12),
(205, '2021-05-17 11:00:00', 16, 4, 12),
(206, '2021-05-17 14:00:00', 15, 4, 12),
(207, '2021-05-17 14:00:00', 16, 4, 12),
(208, '2021-05-17 15:00:00', 15, 4, 12),
(209, '2021-05-17 15:00:00', 16, 4, 12),
(210, '2021-05-17 16:00:00', 15, 4, 12),
(211, '2021-05-17 16:00:00', 16, 4, 12),
(212, '2021-05-17 17:00:00', 15, 4, 12),
(215, '2021-05-18 10:00:00', 15, 4, 12),
(216, '2021-05-18 10:00:00', 16, 4, 12),
(217, '2021-05-18 11:00:00', 15, 4, 12),
(218, '2021-05-18 11:00:00', 16, 4, 12),
(219, '2021-05-18 14:00:00', 15, 4, 12),
(220, '2021-05-18 14:00:00', 16, 4, 12),
(221, '2021-05-18 15:00:00', 15, 4, 12),
(222, '2021-05-18 15:00:00', 16, 4, 12),
(223, '2021-05-18 16:00:00', 15, 4, 12),
(224, '2021-05-18 16:00:00', 16, 4, 12),
(225, '2021-05-18 17:00:00', 15, 4, 12),
(226, '2021-05-18 17:00:00', 16, 4, 12),
(227, '2021-05-19 10:00:00', 15, 4, 12),
(228, '2021-05-19 10:00:00', 16, 4, 12),
(229, '2021-05-19 11:00:00', 15, 4, 12),
(230, '2021-05-19 11:00:00', 16, 4, 12),
(231, '2021-05-19 14:00:00', 15, 4, 12),
(232, '2021-05-19 14:00:00', 16, 4, 12),
(233, '2021-05-19 15:00:00', 15, 4, 12),
(234, '2021-05-19 15:00:00', 16, 4, 12),
(235, '2021-05-19 16:00:00', 15, 4, 12),
(236, '2021-05-19 16:00:00', 16, 4, 12),
(237, '2021-05-19 17:00:00', 15, 4, 12),
(238, '2021-05-19 17:00:00', 16, 4, 12),
(239, '2021-05-20 10:00:00', 15, 4, 12),
(240, '2021-05-20 10:00:00', 16, 4, 12),
(241, '2021-05-20 11:00:00', 15, 4, 12),
(242, '2021-05-20 11:00:00', 16, 4, 12),
(243, '2021-05-20 14:00:00', 15, 4, 12),
(244, '2021-05-20 14:00:00', 16, 4, 12),
(245, '2021-05-20 15:00:00', 15, 4, 12),
(246, '2021-05-20 15:00:00', 16, 4, 12),
(247, '2021-05-20 16:00:00', 15, 4, 12),
(248, '2021-05-20 16:00:00', 16, 4, 12),
(249, '2021-05-20 17:00:00', 15, 4, 12),
(250, '2021-05-20 17:00:00', 16, 4, 12),
(252, '2021-05-21 10:00:00', 15, 4, 12),
(253, '2021-05-21 10:00:00', 16, 4, 12),
(254, '2021-05-21 11:00:00', 15, 4, 12),
(255, '2021-05-21 11:00:00', 16, 4, 12),
(256, '2021-05-21 14:00:00', 15, 4, 12),
(257, '2021-05-21 14:00:00', 16, 4, 12),
(258, '2021-05-21 15:00:00', 15, 4, 12),
(259, '2021-05-21 15:00:00', 16, 4, 12),
(260, '2021-05-21 16:00:00', 15, 4, 12),
(261, '2021-05-21 16:00:00', 16, 4, 12),
(262, '2021-05-21 17:00:00', 15, 4, 12),
(263, '2021-05-21 17:00:00', 16, 4, 12),
(264, '2021-05-24 10:00:00', 15, 4, 12),
(265, '2021-05-24 10:00:00', 16, 4, 12),
(266, '2021-05-24 11:00:00', 15, 4, 12),
(267, '2021-05-24 11:00:00', 16, 4, 12),
(268, '2021-05-24 14:00:00', 15, 4, 12),
(269, '2021-05-24 14:00:00', 16, 4, 12),
(270, '2021-05-24 15:00:00', 15, 4, 12),
(271, '2021-05-24 15:00:00', 16, 4, 12),
(272, '2021-05-24 16:00:00', 15, 4, 12),
(274, '2021-05-24 16:00:00', 16, 4, 12),
(275, '2021-05-24 17:00:00', 15, 4, 12),
(276, '2021-05-24 17:00:00', 16, 4, 12),
(277, '2021-05-25 10:00:00', 15, 4, 12),
(278, '2021-05-25 10:00:00', 16, 4, 12),
(279, '2021-05-25 11:00:00', 15, 4, 12),
(280, '2021-05-25 11:00:00', 16, 4, 12),
(281, '2021-05-25 14:00:00', 15, 4, 12),
(282, '2021-05-25 14:00:00', 16, 4, 12),
(283, '2021-05-25 15:00:00', 15, 4, 12),
(284, '2021-05-25 15:00:00', 16, 4, 12),
(285, '2021-05-25 16:00:00', 15, 4, 12),
(286, '2021-05-25 16:00:00', 16, 4, 12),
(287, '2021-05-25 17:00:00', 15, 4, 12),
(288, '2021-05-25 17:00:00', 16, 4, 12),
(289, '2021-05-26 10:00:00', 15, 4, 12),
(290, '2021-05-26 10:00:00', 16, 4, 12),
(291, '2021-05-26 11:00:00', 15, 4, 12),
(292, '2021-05-26 11:00:00', 16, 4, 12),
(293, '2021-05-26 14:00:00', 15, 4, 12),
(295, '2021-05-26 14:00:00', 16, 4, 12),
(296, '2021-05-26 15:00:00', 15, 4, 12),
(297, '2021-05-26 15:00:00', 16, 4, 12),
(298, '2021-05-16 16:00:00', 15, 4, 12),
(300, '2021-05-26 16:00:00', 16, 4, 12),
(301, '2021-05-26 17:00:00', 15, 4, 12),
(302, '2021-05-26 17:00:00', 16, 4, 12),
(303, '2021-05-27 10:00:00', 15, 4, 12),
(304, '2021-05-27 10:00:00', 16, 4, 12),
(305, '2021-05-27 11:00:00', 15, 4, 12),
(306, '2021-05-27 11:00:00', 16, 4, 12),
(307, '2021-05-27 14:00:00', 15, 4, 12),
(308, '2021-05-27 14:00:00', 16, 4, 12),
(309, '2021-05-27 15:00:00', 15, 4, 12),
(310, '2021-05-27 15:00:00', 16, 4, 12),
(311, '2021-05-27 16:00:00', 15, 4, 12),
(312, '2021-05-27 16:00:00', 16, 4, 12),
(313, '2021-05-27 17:00:00', 15, 4, 12),
(314, '2021-05-27 17:00:00', 16, 4, 12),
(315, '2021-05-28 10:00:00', 15, 4, 12),
(316, '2021-05-28 10:00:00', 16, 4, 12),
(317, '2021-05-28 11:00:00', 15, 4, 12),
(318, '2021-05-28 11:00:00', 16, 4, 12),
(319, '2021-05-28 14:00:00', 15, 4, 12),
(320, '2021-05-28 14:00:00', 16, 4, 12),
(321, '2021-05-28 17:00:00', 15, 4, 12),
(322, '2021-05-28 17:00:00', 16, 4, 12),
(323, '2021-05-28 15:00:00', 15, 4, 12),
(324, '2021-05-28 15:00:00', 16, 4, 12),
(325, '2021-05-28 16:00:00', 15, 4, 12),
(326, '2021-05-28 16:00:00', 16, 4, 12),
(327, '2021-05-31 10:00:00', 15, 4, 12),
(328, '2021-05-31 10:00:00', 16, 4, 12),
(329, '2021-05-31 11:00:00', 15, 4, 12),
(330, '2021-05-31 11:00:00', 16, 4, 12),
(331, '2021-05-31 14:00:00', 15, 4, 12),
(332, '2021-05-31 14:00:00', 16, 4, 12),
(333, '2021-05-31 15:00:00', 15, 4, 12),
(334, '2021-05-31 15:00:00', 16, 4, 12),
(335, '2021-05-31 16:00:00', 15, 4, 12),
(336, '2021-05-31 16:00:00', 16, 4, 12),
(339, '2021-05-31 17:00:00', 16, 4, 12),
(340, '2021-05-31 17:00:00', 15, 4, 12),
(341, '2021-06-02 10:00:00', 15, 4, 12),
(342, '2021-06-02 10:00:00', 16, 4, 12),
(343, '2021-06-02 11:00:00', 15, 4, 12),
(344, '2021-06-02 11:00:00', 16, 4, 12),
(345, '2021-06-02 14:00:00', 15, 4, 12),
(346, '2021-06-02 14:00:00', 16, 4, 12),
(347, '2021-06-02 15:00:00', 15, 4, 12),
(348, '2021-06-02 15:00:00', 16, 4, 12),
(349, '2021-06-02 16:00:00', 15, 4, 12),
(350, '2021-06-02 16:00:00', 16, 4, 12),
(351, '2021-06-02 17:00:00', 15, 4, 12),
(352, '2021-06-02 17:00:00', 16, 4, 12),
(353, '2021-06-03 10:00:00', 15, 4, 12),
(354, '2021-06-03 10:00:00', 16, 4, 12),
(355, '2021-06-03 11:00:00', 15, 4, 12),
(356, '2021-06-03 11:00:00', 16, 4, 12),
(357, '2021-06-03 14:00:00', 15, 4, 12),
(358, '2021-06-03 14:00:00', 16, 4, 12),
(359, '2021-06-03 15:00:00', 15, 4, 12),
(360, '2021-06-03 15:00:00', 16, 4, 12),
(361, '2021-06-03 16:00:00', 15, 4, 12),
(363, '2021-06-03 16:00:00', 16, 4, 12),
(364, '2021-06-03 17:00:00', 15, 4, 12),
(365, '2021-06-03 17:00:00', 16, 4, 12),
(366, '2021-06-04 10:00:00', 15, 4, 12),
(367, '2021-06-04 10:00:00', 16, 4, 12),
(368, '2021-06-04 11:00:00', 15, 4, 12),
(369, '2021-06-04 11:00:00', 16, 4, 12),
(370, '2021-06-04 14:00:00', 15, 4, 12),
(371, '2021-06-04 14:00:00', 16, 4, 12),
(372, '2021-06-04 15:00:00', 15, 4, 12),
(373, '2021-06-04 15:00:00', 16, 4, 12),
(374, '2021-06-04 16:00:00', 15, 4, 12),
(375, '2021-06-04 16:00:00', 16, 4, 12),
(376, '2021-06-04 17:00:00', 15, 4, 12),
(377, '2021-06-04 17:00:00', 16, 4, 12),
(378, '2021-06-07 10:00:00', 15, 4, 12),
(379, '2021-06-07 10:00:00', 16, 4, 12),
(380, '2021-06-07 11:00:00', 15, 4, 12),
(381, '2021-06-07 11:00:00', 16, 4, 12),
(382, '2021-06-07 14:00:00', 15, 4, 12),
(383, '2021-06-07 14:00:00', 16, 4, 12),
(384, '2021-06-07 15:00:00', 15, 4, 12),
(385, '2021-06-07 15:00:00', 16, 4, 12),
(386, '2021-06-07 16:00:00', 15, 4, 12),
(387, '2021-06-07 16:00:00', 16, 4, 12),
(388, '2021-06-07 17:00:00', 15, 4, 12),
(389, '2021-06-07 17:00:00', 16, 4, 12),
(390, '2021-06-08 10:00:00', 15, 4, 12),
(391, '2021-06-08 10:00:00', 16, 4, 12),
(392, '2021-06-08 11:00:00', 15, 4, 12),
(393, '2021-06-08 11:00:00', 16, 4, 12),
(394, '2021-06-08 14:00:00', 15, 4, 12),
(395, '2021-06-08 14:00:00', 16, 4, 12),
(396, '2021-06-08 15:00:00', 15, 4, 12),
(397, '2021-06-08 15:00:00', 16, 4, 12),
(400, '2021-06-08 16:00:00', 15, 4, 12),
(401, '2021-06-08 16:00:00', 16, 4, 12),
(402, '2021-06-08 17:00:00', 15, 4, 12),
(403, '2021-06-08 17:00:00', 16, 4, 12),
(404, '2021-05-11 18:00:00', 5, 3, 9),
(405, '2021-05-18 18:00:00', 5, 3, 9),
(406, '2021-05-25 18:00:00', 5, 3, 9),
(407, '2021-06-08 18:00:00', 5, 3, 9),
(408, '2021-06-15 18:00:00', 5, 3, 9),
(409, '2021-06-22 18:00:00', 15, 3, 9),
(410, '2021-06-29 18:00:00', 5, 3, 9),
(412, '2021-07-06 18:00:00', 5, 3, 9),
(413, '2021-05-12 10:00:00', 7, 3, 5),
(414, '2021-05-14 18:00:00', 8, 3, 9),
(415, '2021-05-21 18:00:00', 8, 3, 9),
(416, '2021-05-28 18:00:00', 8, 3, 9),
(417, '2021-06-04 18:00:00', 8, 3, 9),
(418, '2021-06-11 18:00:00', 8, 3, 9),
(419, '2021-05-18 18:00:00', 8, 3, 9),
(420, '2021-06-25 18:00:00', 8, 3, 9),
(421, '2021-05-12 16:00:00', 9, 3, 5),
(422, '2021-05-19 16:00:00', 9, 3, 5),
(423, '2021-05-26 16:00:00', 9, 3, 5),
(424, '2021-06-02 16:00:00', 9, 3, 5),
(425, '2021-06-09 16:00:00', 9, 3, 5),
(427, '2021-06-16 16:00:00', 9, 3, 5),
(428, '2021-06-23 16:00:00', 9, 3, 5),
(429, '2021-05-30 16:00:00', 9, 3, 5),
(430, '2021-05-17 11:00:00', 14, 1, 11),
(431, '2021-05-24 11:00:00', 14, 1, 11),
(432, '2021-05-31 11:00:00', 14, 1, 11),
(433, '2021-05-21 11:00:00', 14, 1, 11),
(434, '2021-05-14 11:00:00', 14, 1, 6),
(435, '2021-05-21 11:00:00', 4, 1, 6),
(436, '2021-05-28 11:00:00', 14, 1, 10),
(437, '2021-05-12 14:00:00', 16, 4, 12),
(439, '2021-05-13 11:00:00', 14, 1, 10),
(440, '2021-05-20 11:00:00', 14, 1, 10),
(441, '2021-05-27 11:00:00', 1, 1, 10),
(444, '2021-06-03 11:00:00', 14, 1, 6),
(445, '2021-06-10 11:00:00', 14, 1, 6),
(446, '2021-05-10 09:00:00', 15, 4, 12),
(447, '2021-05-10 09:00:00', 16, 4, 12),
(448, '2021-05-13 09:00:00', 10, 3, 5),
(449, '2021-05-20 09:00:00', 10, 3, 5),
(450, '2021-05-27 09:00:00', 10, 3, 5),
(451, '2021-06-03 09:00:00', 10, 3, 5),
(452, '2021-05-05 09:00:00', 10, 3, 5),
(453, '2021-05-19 09:00:00', 10, 3, 5),
(454, '2021-05-26 09:00:00', 10, 3, 5),
(455, '2021-03-02 09:00:00', 10, 3, 5),
(456, '2021-05-14 09:00:00', 10, 3, 5),
(457, '2021-05-21 09:00:00', 10, 3, 9),
(458, '2021-05-28 09:00:00', 10, 3, 9);


INSERT INTO `adhesion` (`NumAdhes`, `IdFormule`, `DureeAdhesion`, `DateAdhes`, `TarifAdhes`, `NumClient`, `IdCasier`) VALUES
(1, 2, 12, '2021-04-22', '300.000000', 6, 1),
(2, 4, 1, '2021-04-21', '150.000000', 7, 2);


